OBJECTID_1,STNAME,Shape_Leng,CPA_NUM,NAME_ALF
1,WILSHIRE,8.1427929641763e-06,3310,Brentwood - Pacific Palisades
2,CENTURY,1.00252721466815,1030,Southeast Los Angeles
3,CENTURY,0.517642032223202,1050,South Los Angeles
4,FIGUEROA,1.91188133844719,1010,Northeast Los Angeles
5,103RD,0.988907376954213,1030,Southeast Los Angeles
8,MARENGO,0.195330705071008,1020,Boyle Heights
9,ALAMEDA,0.248868391431793,1110,Central City North
11,ALAMEDA,1.38217530930682,1100,Central City
12,ALAMEDA,0.106430466035629,1100,Central City
13,JEFFERSON,1.62914103363327,1040,West Adams - Baldwin Hills - Leimert
14,JEFFERSON,2.24169411321853,1050,South Los Angeles
15,CENTRAL,0.313475272681389,1030,Southeast Los Angeles
16,AVENUE 26,0.280244109746668,1010,Northeast Los Angeles
17,LA BREA,0.412679547655811,1070,Hollywood
18,EAGLE ROCK,1.53821206357258,1010,Northeast Los Angeles
19,FLORENCE,0.753003285770888,1040,West Adams - Baldwin Hills - Leimert
20,FLORENCE,1.25780294878336,1030,Southeast Los Angeles
21,FLORENCE,2.26496720146285,1050,South Los Angeles
22,MANCHESTER,1.25445967283191,1030,Southeast Los Angeles
23,MANCHESTER,1.76572815100225,1050,South Los Angeles
24,OLYMPIC,0.989299290371294,1090,Westlake
25,OLYMPIC,2.25734760874438,1060,Wilshire
26,OLYMPIC,0.826823883051962,1100,Central City
27,SOTO,2.2007853762401,1020,Boyle Heights
28,RAMPART,1.46483925620768,1090,Westlake
29,WESTERN,1.42642176604697,1070,Hollywood
30,WESTERN,2.50317624094504,1060,Wilshire
31,WESTERN,7.01087595050728,1050,South Los Angeles
32,WESTWOOD,1.10241590084449,3260,Westwood
33,WESTWOOD,0.829350374059587,3270,West Los Angeles
34,FLETCHER,1.02366223438893,1010,Northeast Los Angeles
35,FLETCHER,0.373690537222515,1080,Silver Lake - Echo Park - Elysian Valley
36,SAN PEDRO,4.51853742709883,1030,Southeast Los Angeles
37,WILSHIRE,0.659432348517724,3310,Brentwood - Pacific Palisades
39,CESAR E CHAVEZ,1.3804895474069,1020,Boyle Heights
40,HIGHLAND,0.933201689939889,1070,Hollywood
41,ADAMS,0.957283601169524,1030,Southeast Los Angeles
42,ADAMS,0.970066785643164,1050,South Los Angeles
44,1ST,0.693319575006605,1100,Central City
45,LA BREA,0.594520218417801,1070,Hollywood
46,LA BREA,0.281356377090699,1060,Wilshire
50,FIGUEROA,7.46027757347915,1050,South Los Angeles
51,SANTA MONICA,3.9893018752127,1070,Hollywood
55,YUCCA,0.258440121803225,1070,Hollywood
56,VERNON,1.50538547490524,1030,Southeast Los Angeles
57,VERNON,1.64295808742508,1050,South Los Angeles
58,LEIMERT,0.657272903553745,1040,West Adams - Baldwin Hills - Leimert
59,SLAUSON,1.15341359663509,1040,West Adams - Baldwin Hills - Leimert
60,SLAUSON,1.505705264261,1030,Southeast Los Angeles
61,SLAUSON,2.0057404085781,1050,South Los Angeles
62,CAHUENGA,0.100623441955936,1070,Hollywood
63,VINE,1.49930925596541,1070,Hollywood
64,VINE,1.38942369206565e-06,1060,Wilshire
65,WASHINGTON,0.507150407078072,1030,Southeast Los Angeles
66,SAN PEDRO,0.57513278207989,1030,Southeast Los Angeles
67,SAN PEDRO,1.69525084836287,1100,Central City
68,6TH,1.57891195590296,1090,Westlake
69,6TH,1.55111585960056,1060,Wilshire
70,LA CIENEGA,0.66813500627625,1040,West Adams - Baldwin Hills - Leimert
71,LA CIENEGA,0.865781136242501,1060,Wilshire
72,FOUNTAIN,1.64221181744311,1070,Hollywood
75,FOUNTAIN,5.49245911356424e-06,1080,Silver Lake - Echo Park - Elysian Valley
76,FOUNTAIN,5.49245911356424e-06,1070,Hollywood
78,BROADWAY,0.249824863802257,1100,Central City
79,NORTH BROADWAY,1.51982226373622,1010,Northeast Los Angeles
80,SUNSET,4.55083692347703,1070,Hollywood
81,COMPTON,0.993008114704506,1030,Southeast Los Angeles
82,CRENSHAW,5.72640520938285,1040,West Adams - Baldwin Hills - Leimert
83,CRENSHAW,0.000615813838599111,1060,Wilshire
84,CENTINELA,0.0895273679693244,3280,Palms - Mar Vista - Del Rey
85,LOS ANGELES,0.612077741549688,1100,Central City
86,HOOVER,0.355735260854751,1090,Westlake
87,HOOVER,0.000178152495520792,1090,Westlake
88,HOOVER,0.000178152495520792,1060,Wilshire
91,HOOVER,1.62341666765958,1050,South Los Angeles
92,VERMONT,1.50371977558922,1070,Hollywood
93,VERMONT,2.50389820476884,1060,Wilshire
94,VERMONT,6.15706679236488,1050,South Los Angeles
95,NORMANDIE,2.61832989669685,1050,South Los Angeles
96,6TH,1.13741337143511,1100,Central City
97,BEVERLY,1.86718315843755,1060,Wilshire
98,ALVARADO,1.97265532426495,1090,Westlake
99,ALVARADO,1.01698388996839,1080,Silver Lake - Echo Park - Elysian Valley
100,ADAMS,2.17281579117878,1040,West Adams - Baldwin Hills - Leimert
101,OLYMPIC,0.849993316535596,1110,Central City North
102,OLYMPIC,1.14286106844506,1020,Boyle Heights
104,BROADWAY,5.62263465182749,1030,Southeast Los Angeles
106,7TH,0.364403240838658,1110,Central City North
107,7TH,1.39892062740972,1090,Westlake
108,7TH,0.426143824971138,1060,Wilshire
109,7TH,1.74501034734184,1100,Central City
110,MELROSE,2.17476290064161,1070,Hollywood
111,MELROSE,2.00113724032746,1070,Hollywood
115,3RD,0.259009093263465,1100,Central City
116,PICO,0.00051191799200206,1060,Wilshire
117,PICO,0.00051191799200206,1040,West Adams - Baldwin Hills - Leimert
118,PICO,5.99391479611049,1060,Wilshire
119,PICO,0.0263183759008792,1060,Wilshire
120,PICO,0.0263183759008792,3270,West Los Angeles
121,PICO,0.836709806344913,3270,West Los Angeles
122,FAIRFAX,0.251012463377769,1070,Hollywood
123,FAIRFAX,1.19110653540779,1060,Wilshire
125,PICO,2.01012473182196,3270,West Los Angeles
126,PACIFIC,0.881482420733348,3290,Venice
127,LA BREA,2.00297802975792,1040,West Adams - Baldwin Hills - Leimert
128,LA BREA,0.151937499187269,1060,Wilshire
129,SANTA MONICA,0.917839243438374,3260,Westwood
130,SANTA MONICA,1.92624181200041,3270,West Los Angeles
131,ROSE,0.0327050081847403,3290,Venice
132,DELL,0.14056939060204,3290,Venice
133,SEPULVEDA,1.19796889401531,3280,Palms - Mar Vista - Del Rey
134,CENTINELA,0.493908008894192,3280,Palms - Mar Vista - Del Rey
135,CENTURY,1.50392703943215,3300,Westchester - Playa del Rey
137,AIRPORT,0.127324331191534,3300,Westchester - Playa del Rey
138,WASHINGTON,1.71378571945989,1040,West Adams - Baldwin Hills - Leimert
139,ADAMS,1.23230459534912,1040,West Adams - Baldwin Hills - Leimert
140,RODEO,0.185513723211392,1040,West Adams - Baldwin Hills - Leimert
141,STEVELY,0.232489535784243,1040,West Adams - Baldwin Hills - Leimert
142,PINAFORE,0.0660217158880018,1040,West Adams - Baldwin Hills - Leimert
143,COLESIUM,0.112131529679686,1040,West Adams - Baldwin Hills - Leimert
144,3RD,2.64906579010969,1060,Wilshire
145,FRANKLIN,0.104830233827249,1070,Hollywood
146,VINE,0.513366606491543,1070,Hollywood
147,FRANKLIN,0.346323679468059,1070,Hollywood
148,FRANKLIN,0.33254765248686,1070,Hollywood
149,MONTE VISTA,0.825047883819543,1010,Northeast Los Angeles
150,AVENUE 50,0.176761600071288,1010,Northeast Los Angeles
151,EASTERN,0.566577772176616,1010,Northeast Los Angeles
152,HUNTINGTON,0.488356019535622,1010,Northeast Los Angeles
153,CENTRAL,1.46027912958651,1030,Southeast Los Angeles
154,IMPERIAL,0.460323314422804,1030,Southeast Los Angeles
155,HOOVER,2.00787997034243,1050,South Los Angeles
156,AVALON,3.51728623396788,1030,Southeast Los Angeles
157,5TH,1.13850503458416,1100,Central City
158,51ST,0.501957368051252,1030,Southeast Los Angeles
159,AVALON,1.01222202002228,1030,Southeast Los Angeles
160,NORTH BROADWAY,0.409286044853468,1110,Central City North
161,HOOPER,0.192352485641275,1030,Southeast Los Angeles
162,NORMANDIE,0.473885751381409,1050,South Los Angeles
163,SAN MARINO,1.00066779407316,1060,Wilshire
164,PICO,0.576758739814552,1090,Westlake
167,VENICE,0.141265091482121,1090,Westlake
168,VENICE,1.49882383251316,1050,South Los Angeles
169,8TH,1.05054697840344,1090,Westlake
170,8TH,1.42586518814182,1060,Wilshire
171,3RD,1.37395624551913,1090,Westlake
172,3RD,1.80151872454435,1060,Wilshire
173,BEVERLY,0.48996716042644,1090,Westlake
174,BEVERLY,1.05998907591957,1060,Wilshire
176,TEMPLE,6.53177894479258e-06,1080,Silver Lake - Echo Park - Elysian Valley
177,TEMPLE,6.53177894479258e-06,1090,Westlake
178,TEMPLE,2.14277258641115,1090,Westlake
179,TEMPLE,0.863554913342314,1100,Central City
180,VIRGIL,0.502853780146398,1070,Hollywood
181,VIRGIL,0.259587894911062,1060,Wilshire
182,GRAND,0.139249416356913,1030,Southeast Los Angeles
183,4TH,0.000138289339324279,1110,Central City North
184,4TH,0.333650095162892,1100,Central City
185,ALPINE,0.124390096705779,1110,Central City North
186,VIGNES,0.161262312696665,1110,Central City North
187,WESTLAKE,0.269238581904402,1090,Westlake
188,48TH,0.089090412513928,1040,West Adams - Baldwin Hills - Leimert
189,NORMANDIE,0.270488598452207,1050,South Los Angeles
190,61ST,0.249980634576503,1050,South Los Angeles
191,VAN NESS,1.00124940558732,1040,West Adams - Baldwin Hills - Leimert
193,HOOVER,1.5110334956347,1050,South Los Angeles
194,MAIN,5.52226879446769,1030,Southeast Los Angeles
195,88TH,0.266758328799262,1050,South Los Angeles
196,IMPERIAL,0.2491504273615,1030,Southeast Los Angeles
197,IMPERIAL,0.537811781490934,1050,South Los Angeles
198,104TH,0.124813678724861,1030,Southeast Los Angeles
199,105TH,0.124813678727761,1030,Southeast Los Angeles
200,108TH,0.250178394237247,1030,Southeast Los Angeles
201,COMPTON,1.18561360259369,1030,Southeast Los Angeles
202,WILMINGTON,0.941632599792654,1030,Southeast Los Angeles
203,92ND,0.058613557824219,1030,Southeast Los Angeles
204,COMPTON,0.0791364602015769,1030,Southeast Los Angeles
205,1ST,0.243163453307604,1020,Boyle Heights
206,4TH,0.672678595853823,1020,Boyle Heights
207,4TH,0.104209303333359,1020,Boyle Heights
208,WHITTER,0.576314265330838,1020,Boyle Heights
209,LORENA,0.73004923722367,1020,Boyle Heights
210,COLLEGE,0.237564565544087,1110,Central City North
211,6TH,0.328377326141034,1110,Central City North
212,SANTA FE,0.136694226722856,1110,Central City North
214,ALAMEDA,0.652640081858434,1030,Southeast Los Angeles
215,ALAMEDA,0.204158966288313,1100,Central City
216,CROCKER,0.275758414255164,1100,Central City
217,2ND,0.00127193884270865,1110,Central City North
218,2ND,0.0881381648641148,1100,Central City
219,HILL,0.396112281362393,1110,Central City North
220,CESAR E CHAVEZ,0.0640530650469495,1110,Central City North
221,YOSEMITE,0.0849034318378111,1010,Northeast Los Angeles
222,GLENDALE,0.306141119581622,1080,Silver Lake - Echo Park - Elysian Valley
223,ECHO PARK,0.0789607454090688,1080,Silver Lake - Echo Park - Elysian Valley
224,8TH,0.945905854922939,1100,Central City
225,MAPLE,0.426262874026284,1100,Central City
226,MAIN,0.216261142173892,1100,Central City
227,VENICE,0.195746984901312,1100,Central City
228,OLIVE,0.0980549237623491,1100,Central City
229,MAIN,0.970604908179566,1030,Southeast Los Angeles
230,9TH,0.429857071980692,1090,Westlake
231,11TH,0.224338012637394,1060,Wilshire
232,WESTMORELAND,0.12606569565326,1060,Wilshire
233,WESTMORELAND,0.222861703776712,1060,Wilshire
234,IROLO,0.286322972768111,1060,Wilshire
235,SERRANO,0.278553359379673,1060,Wilshire
236,4TH,1.00984523125475,1060,Wilshire
237,CORONADO,0.22979373715439,1080,Silver Lake - Echo Park - Elysian Valley
238,1ST,0.0694044298905485,1060,Wilshire
239,MONROE,0.352014157421943,1070,Hollywood
240,LOCKWOOD,0.277853050153554,1070,Hollywood
241,NORMANDIE,0.500709866295521,1070,Hollywood
242,EDGEMONT,0.312585629909295,1070,Hollywood
243,HOBART,0.212429710603999,1070,Hollywood
244,WILTON,0.505069355025354,1070,Hollywood
245,FRANKLIN,0.503315066354222,1070,Hollywood
246,FRANKLIN,0.497496605421134,1070,Hollywood
247,CRENSHAW,0.536030657092793,1060,Wilshire
248,HILLHURST,0.696215312278373,1070,Hollywood
249,ARLINGTON,0.500016846493852,1040,West Adams - Baldwin Hills - Leimert
250,ARLINGTON,0.00236406971571636,1060,Wilshire
252,IVAR,0.250717377149528,1070,Hollywood
253,ROSEWOOD,0.314818122244631,1070,Hollywood
254,LA CIENEGA,0.233813862546709,1070,Hollywood
255,FARMDALE,0.117234767098302,1040,West Adams - Baldwin Hills - Leimert
256,FAIRFAX,0.33276107039569,1040,West Adams - Baldwin Hills - Leimert
257,CORNING,0.123859085890344,1040,West Adams - Baldwin Hills - Leimert
258,CADILLAC,0.210422040089413,1040,West Adams - Baldwin Hills - Leimert
259,ROBERTSON,0.127049021515994,1060,Wilshire
260,AIRDROME,0.0899580241318907,1060,Wilshire
261,54TH,0.251521005538061,1050,South Los Angeles
262,OVERLAND,0.721137767019369,3280,Palms - Mar Vista - Del Rey
263,NATIONAL,0.357405071904911,3280,Palms - Mar Vista - Del Rey
265,SAWTELLE,0.215835423996618,3280,Palms - Mar Vista - Del Rey
266,SAWTELLE,0.430979227577333,3270,West Los Angeles
267,OLYMPIC,0.200911166660217,3270,West Los Angeles
268,BARRINGTON,0.49017055587992,3270,West Los Angeles
269,ASHTON,0.102035922321989,3260,Westwood
270,GLENDON,0.074940964124949,3260,Westwood
271,WEYBURN,0.248346858938908,3260,Westwood
272,LE CONTE,0.0808699787258451,3260,Westwood
273,TRIVERTON,0.118126430755271,3260,Westwood
274,LA TIJERA,0.613931090721244,3300,Westchester - Playa del Rey
275,CULVER,0.624442438171867,3280,Palms - Mar Vista - Del Rey
276,SEPULVEDA,0.128249724052404,3300,Westchester - Playa del Rey
277,MANCHESTER,0.186763488018716,3300,Westchester - Playa del Rey
278,SEPULVEDA,0.00205157785215626,3300,Westchester - Playa del Rey
279,SEPULVEDA,0.0577371517454106,3700,Los Angeles International Airport
280,WORLD WAY N,0.356866174574166,3700,Los Angeles International Airport
281,WORLD WAY S,0.202713850904529,3700,Los Angeles International Airport
282,GRAND,1.50030285712816,4340,San Pedro
283,1ST,0.255294775917489,4340,San Pedro
284,PACIFIC,1.50013752127684,4340,San Pedro
285,GAFFEY,1.50037450036882,4340,San Pedro
286,CABRILLO,1.00007287833949,4340,San Pedro
287,17TH,0.127188019848148,4340,San Pedro
288,ANAHEIM,0.971354759385079,4430,Wilmington - Harbor City
289,PACIFIC,2.66859982593291,4430,Wilmington - Harbor City
290,NORMANDIE,0.542761501410325,4430,Wilmington - Harbor City
291,WESTERN,0.57549222183754,4430,Wilmington - Harbor City
292,LOMITA,0.580697130747067,4430,Wilmington - Harbor City
293,CARSON,0.298722098548515,4350,Harbor Gateway
294,MARINE,0.201412136836078,4430,Wilmington - Harbor City
295,AVALON,0.201412136833263,4430,Wilmington - Harbor City
296,GAFFEY,0.332217257814302,4340,San Pedro
297,WEYMOUTH,0.298188208984133,4340,San Pedro
298,DODSON,0.100659748206994,4340,San Pedro
299,7TH,0.0875784592471499,4340,San Pedro
300,AVALON,0.0785821568947185,4430,Wilmington - Harbor City
301,LAUREL CANYON,0.497521617286567,2150,Van Nuys - North Sherman Oaks
302,LANKERSHIM,1.3426153900399,2170,Sun Valley - La Tuna Canyon
303,VAN NUYS,2.82319310673758,2150,Van Nuys - North Sherman Oaks
304,VAN NUYS,0.912086825748422,2160,Mission Hills - Panorama City - North Hills
305,SEPULVEDA,4.04124770911361,2160,Mission Hills - Panorama City - North Hills
310,VANOWEN,3.12853165519135,2150,Van Nuys - North Sherman Oaks
311,SUNLAND,0.950905170332716,2170,Sun Valley - La Tuna Canyon
312,MAGNOLIA,1.6297445319704,2130,North Hollywood - Valley Village
313,VICTORY,2.50144207269277,2150,Van Nuys - North Sherman Oaks
314,VICTORY,0.30337450680122,2150,Van Nuys - North Sherman Oaks
315,VICTORY,0.685833970363287,2130,North Hollywood - Valley Village
316,WOODMAN,0.473175653115927,2150,Van Nuys - North Sherman Oaks
317,WOODMAN,0.961327814340872,2160,Mission Hills - Panorama City - North Hills
318,ROSCOE,0.274815709683578,2160,Mission Hills - Panorama City - North Hills
319,WHITSETT,1.50210909157233,2130,North Hollywood - Valley Village
320,OXNARD,0.502371912576555,2150,Van Nuys - North Sherman Oaks
321,VINELAND,1.11261454870526,2170,Sun Valley - La Tuna Canyon
322,RIVERSIDE,0.0596592132960182,2120,Sherman Oaks - Studio City - Toluca Lake - Cahuenga Pass
323,CAHUENGA,0.678344395200908,2120,Sherman Oaks - Studio City - Toluca Lake - Cahuenga Pass
324,RIVERSIDE,0.439585783281203,2130,North Hollywood - Valley Village
325,WHITSETT,0.329051992533689,2130,North Hollywood - Valley Village
326,CHANDLER,0.188071470026246,2130,North Hollywood - Valley Village
327,WOODMAN,1.00032113444417,2150,Van Nuys - North Sherman Oaks
328,WEDDINGTON,0.125072046617809,2150,Van Nuys - North Sherman Oaks
329,BURBANK,0.132280774491936,2150,Van Nuys - North Sherman Oaks
330,OXNARD,0.500205429221132,2150,Van Nuys - North Sherman Oaks
331,TYRONE,0.138614508969809,2150,Van Nuys - North Sherman Oaks
332,WOODMAN,0.500891208225043,2150,Van Nuys - North Sherman Oaks
333,VANOWEN,1.43222284212662,2130,North Hollywood - Valley Village
334,ETHEL,0.00121421920973003,2170,Sun Valley - La Tuna Canyon
335,ETHEL,0.499188316938831,2130,North Hollywood - Valley Village
336,COLDWATER CANYON,0.499056704781847,2130,North Hollywood - Valley Village
337,SHERMAN WAY,0.840140982638258,2170,Sun Valley - La Tuna Canyon
338,SATICOY,0.130850123779866,2160,Mission Hills - Panorama City - North Hills
339,STAGG,0.127581030503488,2160,Mission Hills - Panorama City - North Hills
340,ROSCOE,0.245796301936595,2160,Mission Hills - Panorama City - North Hills
341,ROSCOE,0.00065868389639129,2140,Arleta - Pacoima
342,PARTHENIA,0.25077922469492,2160,Mission Hills - Panorama City - North Hills
343,NORDOFF,1.97053839437684,2160,Mission Hills - Panorama City - North Hills
344,RAYEN,0.127149434323722,2160,Mission Hills - Panorama City - North Hills
345,RAYEN,0.188647482330357,2160,Mission Hills - Panorama City - North Hills
346,COLUMBUS,0.249958287384662,2160,Mission Hills - Panorama City - North Hills
347,CEDROS,0.249924928240025,2160,Mission Hills - Panorama City - North Hills
348,DEVONSHIRE,0.188368671315002,2160,Mission Hills - Panorama City - North Hills
351,RINALDI,0.26855771862935,2160,Mission Hills - Panorama City - North Hills
352,VAUGHN,0.250034427916192,2140,Arleta - Pacoima
353,HERRICK,0.274085227017078,2140,Arleta - Pacoima
354,PAXTON,0.250298668675115,2140,Arleta - Pacoima
355,GLENOAKS,0.256436202548901,2140,Arleta - Pacoima
356,LAUREL CANYON,0.340414545817881,2140,Arleta - Pacoima
357,LAUREL CANYON,0.272328431181534,2140,Arleta - Pacoima
358,LAUREL CANYON,0.273859789200926,2170,Sun Valley - La Tuna Canyon
359,SAN FERNANDO,0.27379721299225,2170,Sun Valley - La Tuna Canyon
360,SHELDON,1.29024654493667,2170,Sun Valley - La Tuna Canyon
361,SAN FERNANDO,0.27597176174397,2170,Sun Valley - La Tuna Canyon
362,HUBBARD,0.749961178381213,2180,Sylmar
363,POLK,0.563000000180203,2180,Sylmar
364,FOOTHILL,2.1770724229311,2180,Sylmar
365,SAYRE,0.501411586981264,2180,Sylmar
366,FOOTHILL,0.091084793924314,2250,Sunland - Tujunga - Lake View Terrace - Shadow Hills - East La Tuna Canyon
367,FOOTHILL,1.29171474251902,2250,Sunland - Tujunga - Lake View Terrace - Shadow Hills - East La Tuna Canyon
368,FOOTHILL,1.31444129496637,2250,Sunland - Tujunga - Lake View Terrace - Shadow Hills - East La Tuna Canyon
369,GLENOAKS,0.27378110689266,2140,Arleta - Pacoima
370,VENTURA,0.0500835015477901,2120,Sherman Oaks - Studio City - Toluca Lake - Cahuenga Pass
371,VENTURA,1.38340724433027,2120,Sherman Oaks - Studio City - Toluca Lake - Cahuenga Pass
372,LAUREL CANYON,0.111405153645173,2120,Sherman Oaks - Studio City - Toluca Lake - Cahuenga Pass
373,VENTURA,0.509425265288204,2120,Sherman Oaks - Studio City - Toluca Lake - Cahuenga Pass
374,HAZELTINE,0.0671711592005407,2120,Sherman Oaks - Studio City - Toluca Lake - Cahuenga Pass
375,VENTURA,2.18247167105152,2240,Encino - Tarzana
376,VENTURA,1.13437826812469,2120,Sherman Oaks - Studio City - Toluca Lake - Cahuenga Pass
377,BALBOA,0.236739426360951,2240,Encino - Tarzana
378,TOPANGA CYN,1.39278009013213,2200,Canoga Park - Winnetka - Woodland Hills - West Hills
379,DE SOTO,0.875497744587591,2200,Canoga Park - Winnetka - Woodland Hills - West Hills
380,RESEDA,2.51837311900593,2220,Northridge
381,RESEDA,0.965816825955096,2240,Encino - Tarzana
382,RESEDA,2.80700775351377,2230,Reseda - West Van Nuys
383,BALBOA,0.00317703129161775,2240,Encino - Tarzana
384,BALBOA,1.00623241228224,2230,Reseda - West Van Nuys
385,SATICOY,2.01090750575247,2200,Canoga Park - Winnetka - Woodland Hills - West Hills
386,DE SOTO,0.735828453963152,2210,Chatsworth - Porter Ranch
387,CANOGA,0.374036782941464,2200,Canoga Park - Winnetka - Woodland Hills - West Hills
388,VICTORY,0.753785803699945,2200,Canoga Park - Winnetka - Woodland Hills - West Hills
389,VANOWEN,0.517810623700796,2200,Canoga Park - Winnetka - Woodland Hills - West Hills
390,VENTURA,0.517536673966576,2200,Canoga Park - Winnetka - Woodland Hills - West Hills
391,VENTURA,2.64904115254227,2240,Encino - Tarzana
392,VENTURA,0.485219145712802,2200,Canoga Park - Winnetka - Woodland Hills - West Hills
393,BURBANK,0.999799673777605,2240,Encino - Tarzana
394,VICTORY,0.500528767517963,2230,Reseda - West Van Nuys
395,WHITE OAK,1.00056155426476,2230,Reseda - West Van Nuys
396,VANOWEN,0.249921628597555,2230,Reseda - West Van Nuys
397,FALLBROOK,0.21991132560793,2200,Canoga Park - Winnetka - Woodland Hills - West Hills
398,TAMPA,0.995343005032995,2230,Reseda - West Van Nuys
399,OWENSMOUTH,0.417425940659386,2200,Canoga Park - Winnetka - Woodland Hills - West Hills
400,VICTORY,0.124440043873061,2200,Canoga Park - Winnetka - Woodland Hills - West Hills
401,PLATT,0.116439908628804,2200,Canoga Park - Winnetka - Woodland Hills - West Hills
402,SATICOY,0.245786868215684,2230,Reseda - West Van Nuys
403,LOUISE,0.512277742738543,2220,Northridge
404,SATICOY,0.249345823081212,2210,Chatsworth - Porter Ranch
405,SATICOY,0.75039087865016,2220,Northridge
406,DE SOTO,0.499491663797018,2210,Chatsworth - Porter Ranch
407,SATICOY,0.733482947966955,2220,Northridge
408,LASSEN,0.499912675929673,2210,Chatsworth - Porter Ranch
409,SATICOY,0.751241304958076,2210,Chatsworth - Porter Ranch
410,ZELZAH,1.49165679828549,2220,Northridge
411,ZELZAH,0.521643602803912,2190,Granada Hills - Knollwood
412,CHATSWORTH,0.221610207353523,2190,Granada Hills - Knollwood
413,CHATSWORTH,0.125394109467136,2190,Granada Hills - Knollwood
414,BALBOA,0.999650867531311,2220,Northridge
415,BALBOA,2.12367723857091,2190,Granada Hills - Knollwood
416,RINALDI,0.343967576423072,2190,Granada Hills - Knollwood
417,SHERMAN WAY,0.0808488419040235,2200,Canoga Park - Winnetka - Woodland Hills - West Hills
418,SATICOY,0.136961553820188,2200,Canoga Park - Winnetka - Woodland Hills - West Hills
419,VANOWEN,0.136961553820182,2200,Canoga Park - Winnetka - Woodland Hills - West Hills
420,FIGUEROA,2.14548056207897,1010,Northeast Los Angeles
421,LINCOLN,1.14978005703261,3290,Venice
422,"MARTIN LUTHER KING, JR",1.50674678283597,1030,Southeast Los Angeles
423,"MARTIN LUTHER KING, JR",1.5032947938217,1050,South Los Angeles
424,COMMONWEALTH,0.491132257832915,1060,Wilshire
425,JEFFERSON,1.52508302873881,1030,Southeast Los Angeles
427,FIGUEROA,0.748636761653528,1010,Northeast Los Angeles
428,LINCOLN,0.335974423510443,3290,Venice
429,WASHINGTON,1.30392161919014,3290,Venice
430,LINCOLN,0.798433236129646,3280,Palms - Mar Vista - Del Rey
431,LINCOLN,0.598955504611815,3290,Venice
432,LINCOLN,1.30693852711123,3300,Westchester - Playa del Rey
433,SAN FERNANDO,1.53783509357708,1010,Northeast Los Angeles
434,YORK,0.551115327618589,1010,Northeast Los Angeles
435,VENICE,0.419586036025885,1040,West Adams - Baldwin Hills - Leimert
436,VENICE,3.96624878485742,3280,Palms - Mar Vista - Del Rey
437,VENICE,0.0382589511280974,3270,West Los Angeles
438,VENICE,0.0382589511280974,3280,Palms - Mar Vista - Del Rey
439,DALY,0.234322525674014,1010,Northeast Los Angeles
440,VENICE,1.69896191009098,1040,West Adams - Baldwin Hills - Leimert
441,VENICE,0.0176149252071918,1040,West Adams - Baldwin Hills - Leimert
442,VENICE,0.0176149252071918,1060,Wilshire
443,VENICE,1.76933764042029,1060,Wilshire
448,FIGUEROA,1.74383069125322,1100,Central City
451,SAN VICENTE,2.03014981445769,3310,Brentwood - Pacific Palisades
452,FEDERAL,0.667907087339327,3270,West Los Angeles
453,67TH,0.250906319591033,1030,Southeast Los Angeles
454,67TH,0.250899403305127,1050,South Los Angeles
455,CUMMINGS,0.277529729821436,1020,Boyle Heights
457,VIRGIL,0.129989865439801,1060,Wilshire
458,WILSHIRE,1.09713751386559,1090,Westlake
459,WILSHIRE,4.4943178993768,1060,Wilshire
460,UNION,0.121736530145386,1090,Westlake
461,UNION,0.351803779764009,1090,Westlake
462,AVALON,1.00007225252006,1030,Southeast Los Angeles
463,WASHINGTON,0.0540858179653774,1030,Southeast Los Angeles
464,CENTRAL,2.63945250099548,1030,Southeast Los Angeles
465,CENTRAL,1.79970200919732,1100,Central City
466,BROADWAY,0.108399272845434,1100,Central City
467,BROADWAY,0.125074882973462,1100,Central City
468,SUNSET,3.93548721220708,1070,Hollywood
470,SUNSET,0.156426300607227,1110,Central City North
471,SUNSET,0.138592414586244,1080,Silver Lake - Echo Park - Elysian Valley
472,SUNSET,3.08773353811448,1080,Silver Lake - Echo Park - Elysian Valley
475,PASADENA,0.077874945505469,1010,Northeast Los Angeles
476,PASADENA,0.32813328951736,1010,Northeast Los Angeles
477,MAIN,0.126905414650593,1100,Central City
479,BUNDY,0.0260170755552246,3310,Brentwood - Pacific Palisades
480,BUNDY,1.06459734748172,3280,Palms - Mar Vista - Del Rey
481,BUNDY,1.41839905990588,3270,West Los Angeles
482,HOOVER,0.0569137270402755,1060,Wilshire
483,30TH,0.382888144056839,1050,South Los Angeles
484,GLENDALE,0.739724692200756,1080,Silver Lake - Echo Park - Elysian Valley
485,WASHINGTON,0.000635794184191374,1040,West Adams - Baldwin Hills - Leimert
486,WASHINGTON,1.50024908459663,1050,South Los Angeles
487,2ND,0.240955699451482,1100,Central City
490,MANCHESTER,0.307498298287668,3300,Westchester - Playa del Rey
491,ADAMS,0.313887808484693,1030,Southeast Los Angeles
492,NORMANDIE,0.372073565482334,1060,Wilshire
493,NORMANDIE,0.244412102073386,1050,South Los Angeles
494,KINGSLEY,0.121943819945904,1060,Wilshire
495,ROSEWOOD,0.129649471015352,1060,Wilshire
497,PARTHENIA,0.943144143009007,2160,Mission Hills - Panorama City - North Hills
500,SHERMAN WAY,2.61110397797435,2130,North Hollywood - Valley Village
501,SHERMAN WAY,2.7757599907089,2150,Van Nuys - North Sherman Oaks
503,VAN NUYS,0.0410493364143753,2250,Sunland - Tujunga - Lake View Terrace - Shadow Hills - East La Tuna Canyon
504,VAN NUYS,0.0410493364143753,2140,Arleta - Pacoima
505,VAN NUYS,1.45092348902102,2160,Mission Hills - Panorama City - North Hills
506,VAN NUYS,3.48822278609651,2140,Arleta - Pacoima
507,SEPULVEDA,2.93618661337041,2150,Van Nuys - North Sherman Oaks
510,PARTHENIA,0.215399529857767,2160,Mission Hills - Panorama City - North Hills
511,CAHUENGA,0.530117046702415,2130,North Hollywood - Valley Village
512,LAUREL CANYON,0.908262870263832,2170,Sun Valley - La Tuna Canyon
514,LAUREL CANYON,3.5038345864013,2130,North Hollywood - Valley Village
516,VAN NUYS,0.152411778455454,2160,Mission Hills - Panorama City - North Hills
518,LANKERSHIM,3.12193492059939,2130,North Hollywood - Valley Village
519,ROSCOE,2.23512169375759,2160,Mission Hills - Panorama City - North Hills
520,STRATHERN,1.3576637944744,2170,Sun Valley - La Tuna Canyon
521,BURBANK,0.519280637361581,2150,Van Nuys - North Sherman Oaks
522,BURBANK,2.96991589370123,2130,North Hollywood - Valley Village
523,VINELAND,2.2515934333101,2130,North Hollywood - Valley Village
524,VICTORY,1.50632190943449,2130,North Hollywood - Valley Village
525,OXNARD,2.49026560212672,2130,North Hollywood - Valley Village
526,COLFAX,0.259077244724979,2130,North Hollywood - Valley Village
527,OSBORNE,1.18037176503817,2140,Arleta - Pacoima
528,VAN NUYS,0.0661194494467091,2120,Sherman Oaks - Studio City - Toluca Lake - Cahuenga Pass
529,22ND,0.015305784065956,4360,Port of Los Angeles
530,22ND,0.29787415395939,4340,San Pedro
531,WESTERN,0.164943525756409,4340,San Pedro
532,WESTERN,0.123603411115937,4340,San Pedro
533,SHERMAN WAY,3.50194501715067,2200,Canoga Park - Winnetka - Woodland Hills - West Hills
534,SHERMAN WAY,2.50059564825717,2230,Reseda - West Van Nuys
535,FALLBROOK,2.30206383157985,2200,Canoga Park - Winnetka - Woodland Hills - West Hills
537,ROSCOE,2.50643194851002,2200,Canoga Park - Winnetka - Woodland Hills - West Hills
540,ROSCOE,3.41429855219439,2230,Reseda - West Van Nuys
546,DEVONSHIRE,7.60648445913327e-05,2190,Granada Hills - Knollwood
547,DEVONSHIRE,7.60648445913327e-05,2220,Northridge
548,DEVONSHIRE,0.131286922533656,2190,Granada Hills - Knollwood
550,PACIFIC COAST HWY,1.59883550229409,3310,Brentwood - Pacific Palisades
551,WASHINGTON,0.904133571183974,1030,Southeast Los Angeles
552,WASHINGTON,0.904133571183974,1030,Southeast Los Angeles
557,CAHUENGA,0.00229671797483251,2130,North Hollywood - Valley Village
558,BURBANK,0.00229671797483251,2130,North Hollywood - Valley Village
560,SPRING,1.01751923662844,1100,Central City
561,MAIN,0.128705321547125,1100,Central City
563,OLYMPIC,0.720384392260643,1100,Central City
564,9TH,1.16721449128829,1100,Central City
566,VENICE,1.08870740922899,3290,Venice
567,ABBOT KINNEY,0.705555081217595,3290,Venice
